{
  "0": {
    "name": "Potassium",
    "unit": "mEq/L",
    "count": 1036831,
    "min": 1.0,
    "max": 10.0,
    "mean": 4.164874073016721,
    "std": 0.6726049060054187,
    "p01": 2.9,
    "p99": 6.4,
    "median": 4.1
  },
  "1": {
    "name": "Calcium",
    "unit": "mg/dL",
    "count": 591219,
    "min": 4.0,
    "max": 15.0,
    "mean": 8.507431594722094,
    "std": 0.8230910847941446,
    "p01": 6.6,
    "p99": 10.8,
    "median": 8.5
  },
  "2": {
    "name": "Sodium",
    "unit": "mEq/L",
    "count": 878982,
    "min": 100.0,
    "max": 180.0,
    "mean": 138.42676266408185,
    "std": 4.956477207800398,
    "p01": 125.0,
    "p99": 151.0,
    "median": 139.0
  },
  "3": {
    "name": "Glucose",
    "unit": "mg/dL",
    "count": 943889,
    "min": 10.0,
    "max": 999.0,
    "mean": 132.43378299778894,
    "std": 59.53658701677893,
    "p01": 58.0,
    "p99": 354.0,
    "median": 119.0
  },
  "4": {
    "name": "Lactate",
    "unit": "mmol/L",
    "count": 186916,
    "min": 0.1,
    "max": 29.7,
    "mean": 2.6026279184232486,
    "std": 2.544578917334162,
    "p01": 0.6,
    "p99": 13.9,
    "median": 1.8
  },
  "5": {
    "name": "Creatinine",
    "unit": "mg/dL",
    "count": 796619,
    "min": 0.1,
    "max": 24.7,
    "mean": 1.561244961518618,
    "std": 1.6390762305620044,
    "p01": 0.3,
    "p99": 8.6,
    "median": 1.0
  },
  "6": {
    "name": "Bilirubin",
    "unit": "mg/dL",
    "count": 237951,
    "min": 0.1,
    "max": 60.0,
    "mean": 3.3189273001584363,
    "std": 5.995663004479515,
    "p01": 0.1,
    "p99": 31.1,
    "median": 0.9
  },
  "7": {
    "name": "Platelets",
    "unit": "K/uL",
    "count": 777095,
    "min": 4.0,
    "max": 1200.0,
    "mean": 238.39138071921704,
    "std": 146.3358464494517,
    "p01": 17.0,
    "p99": 728.0,
    "median": 215.0
  },
  "8": {
    "name": "WBC",
    "unit": "K/uL",
    "count": 751795,
    "min": 0.1,
    "max": 99.9,
    "mean": 10.365054436382257,
    "std": 6.44748555180014,
    "p01": 0.7,
    "p99": 32.9,
    "median": 9.1
  },
  "9": {
    "name": "Hemoglobin",
    "unit": "g/dL",
    "count": 751776,
    "min": 1.3,
    "max": 24.4,
    "mean": 10.559975471417015,
    "std": 1.9566808887737144,
    "p01": 6.9,
    "p99": 16.2,
    "median": 10.3
  },
  "10": {
    "name": "INR",
    "unit": "ratio",
    "count": 470151,
    "min": 0.5,
    "max": 15.0,
    "mean": 1.6391170496287366,
    "std": 0.9407778092234361,
    "p01": 0.9,
    "p99": 5.4,
    "median": 1.3
  },
  "11": {
    "name": "BUN",
    "unit": "mg/dL",
    "count": 791208,
    "min": 1.0,
    "max": 249.0,
    "mean": 29.25528483028483,
    "std": 22.876558386655887,
    "p01": 4.0,
    "p99": 113.0,
    "median": 22.0
  },
  "12": {
    "name": "Albumin",
    "unit": "g/dL",
    "count": 146571,
    "min": 0.9,
    "max": 6.4,
    "mean": 3.178641068151271,
    "std": 0.7571445897096398,
    "p01": 1.6,
    "p99": 4.8,
    "median": 3.2
  },
  "13": {
    "name": "Arterial_pH",
    "unit": "units",
    "count": 530343,
    "min": 6.53,
    "max": 7.99,
    "mean": 7.379422222976452,
    "std": 0.08533302271676886,
    "p01": 7.11,
    "p99": 7.54,
    "median": 7.39
  },
  "14": {
    "name": "paO2",
    "unit": "mmHg",
    "count": 490186,
    "min": 10.0,
    "max": 691.0,
    "mean": 136.72643241545046,
    "std": 91.98143423130246,
    "p01": 31.0,
    "p99": 462.0,
    "median": 109.0
  },
  "15": {
    "name": "paCO2",
    "unit": "mmHg",
    "count": 490110,
    "min": 7.0,
    "max": 150.0,
    "mean": 42.711068943706515,
    "std": 11.246924548940203,
    "p01": 24.0,
    "p99": 83.0,
    "median": 41.0
  },
  "16": {
    "name": "HCO3",
    "unit": "mEq/L",
    "count": 779893,
    "min": 2.0,
    "max": 60.0,
    "mean": 25.41053567604787,
    "std": 4.893185215370332,
    "p01": 13.0,
    "p99": 39.0,
    "median": 25.0
  },
  "100": {
    "name": "HR",
    "unit": "bpm",
    "count": 2761123,
    "min": 10.0,
    "max": 280.0,
    "mean": 87.41241951191599,
    "std": 18.719827237307207,
    "p01": 50.0,
    "p99": 135.0,
    "median": 86.0
  },
  "101": {
    "name": "SpO2",
    "unit": "%",
    "count": 2671382,
    "min": 20.0,
    "max": 100.0,
    "mean": 96.8587127561689,
    "std": 3.3479157025993076,
    "p01": 86.0,
    "p99": 100.0,
    "median": 97.0
  },
  "102": {
    "name": "RR",
    "unit": "/min",
    "count": 2726865,
    "min": 1.0,
    "max": 70.0,
    "mean": 20.119759137324362,
    "std": 5.830090321586587,
    "p01": 9.0,
    "p99": 36.0,
    "median": 20.0
  },
  "103": {
    "name": "Temperature",
    "unit": "C",
    "count": 594599,
    "min": 25.0,
    "max": 45.0,
    "mean": 36.909819061997155,
    "std": 0.8273914537617987,
    "p01": 35.1,
    "p99": 39.05555555555555,
    "median": 36.888888888888886
  },
  "104": {
    "name": "NBPs",
    "unit": "mmHg",
    "count": 1290355,
    "min": 30.0,
    "max": 269.0,
    "mean": 119.88852370084201,
    "std": 22.519236714028324,
    "p01": 76.0,
    "p99": 179.0,
    "median": 118.0
  },
  "105": {
    "name": "NBPd",
    "unit": "mmHg",
    "count": 1289647,
    "min": 10.0,
    "max": 199.0,
    "mean": 62.82181403128143,
    "std": 15.507067556161394,
    "p01": 32.0,
    "p99": 106.0,
    "median": 61.0
  },
  "106": {
    "name": "NBPm",
    "unit": "mmHg",
    "count": 1292771,
    "min": 20.0,
    "max": 248.0,
    "mean": 76.30882886450887,
    "std": 15.694405991870129,
    "p01": 45.0,
    "p99": 120.0,
    "median": 75.0
  },
  "107": {
    "name": "CVP",
    "unit": "mmHg",
    "count": 484853,
    "min": -10.0,
    "max": 40.0,
    "mean": 11.713867749606582,
    "std": 6.061392174132165,
    "p01": 0.0,
    "p99": 29.0,
    "median": 11.0
  },
  "108": {
    "name": "GCS_total",
    "unit": "score",
    "count": 945421,
    "min": 3.0,
    "max": 15.0,
    "mean": 11.434762925723037,
    "std": 3.743410172102532,
    "p01": 3.0,
    "p99": 15.0,
    "median": 11.0
  }
}