{
  "0": {
    "name": "Potassium",
    "unit": "mEq/L",
    "count": 1036831,
    "min": 1.0,
    "max": 10.0,
    "mean": 4.16487407301672,
    "std": 0.6726049060054187,
    "p01": 2.9,
    "p99": 6.4,
    "median": 4.1
  },
  "1": {
    "name": "Calcium",
    "unit": "mg/dL",
    "count": 591219,
    "min": 4.0,
    "max": 15.0,
    "mean": 8.507431594722096,
    "std": 0.8230910847941443,
    "p01": 6.6,
    "p99": 10.8,
    "median": 8.5
  },
  "2": {
    "name": "Sodium",
    "unit": "mEq/L",
    "count": 878982,
    "min": 100.0,
    "max": 180.0,
    "mean": 138.42676266408185,
    "std": 4.956477207800398,
    "p01": 125.0,
    "p99": 151.0,
    "median": 139.0
  },
  "3": {
    "name": "Glucose",
    "unit": "mg/dL",
    "count": 943889,
    "min": 10.0,
    "max": 999.0,
    "mean": 132.43378299778894,
    "std": 59.53658701677893,
    "p01": 58.0,
    "p99": 354.0,
    "median": 119.0
  },
  "4": {
    "name": "Lactate",
    "unit": "mmol/L",
    "count": 186916,
    "min": 0.1,
    "max": 29.7,
    "mean": 2.602627918423249,
    "std": 2.5445789173341624,
    "p01": 0.6,
    "p99": 13.9,
    "median": 1.8
  },
  "5": {
    "name": "Creatinine",
    "unit": "mg/dL",
    "count": 796619,
    "min": 0.1,
    "max": 24.7,
    "mean": 1.5612449615186175,
    "std": 1.6390762305620041,
    "p01": 0.3,
    "p99": 8.6,
    "median": 1.0
  },
  "6": {
    "name": "NBPs",
    "unit": "mmHg",
    "count": 1290355,
    "min": 30.0,
    "max": 269.0,
    "mean": 119.88852370084201,
    "std": 22.51923671402832,
    "p01": 76.0,
    "p99": 179.0,
    "median": 118.0
  },
  "7": {
    "name": "NBPd",
    "unit": "mmHg",
    "count": 1289647,
    "min": 10.0,
    "max": 199.0,
    "mean": 62.82181403128143,
    "std": 15.507067556161394,
    "p01": 32.0,
    "p99": 106.0,
    "median": 61.0
  },
  "8": {
    "name": "NBPm",
    "unit": "mmHg",
    "count": 1292771,
    "min": 20.0,
    "max": 248.0,
    "mean": 76.30882886450887,
    "std": 15.694405991870136,
    "p01": 45.0,
    "p99": 120.0,
    "median": 75.0
  }
}